<?xml version="1.0" encoding="UTF-8"?>
<Module name="dds_top" Lut="1" T_Register="294(0)" T_Alu="146(0)" T_Lut="491(1)" T_MULT36X36="2(0)" T_Bsram="6(0)">
    <SubModule name="resetgen" Register="33" Lut="62" T_Register="33(33)" T_Lut="62(62)"/>
    <SubModule name="pll"/>
    <SubModule name="clk_div_inst" Register="2" Lut="4" T_Register="2(2)" T_Lut="4(4)"/>
    <SubModule name="button_sam" Register="29" Lut="60" T_Register="29(29)" T_Lut="60(60)"/>
    <SubModule name="samCtrl" Register="28" Alu="16" Lut="45" T_Register="28(28)" T_Alu="16(16)" T_Lut="45(45)"/>
    <SubModule name="osc" Register="65" Alu="32" Lut="115" MULT36X36="1" T_Register="65(65)" T_Alu="32(32)" T_Lut="115(115)" T_MULT36X36="1(1)"/>
    <SubModule name="interp" Register="43" Alu="63" Lut="36" MULT36X36="1" T_Register="43(43)" T_Alu="63(63)" T_Lut="36(36)" T_MULT36X36="1(1)"/>
    <SubModule name="button_rot" Register="29" Lut="62" T_Register="29(29)" T_Lut="62(62)"/>
    <SubModule name="rot" Register="60" Alu="35" Lut="103" T_Register="60(60)" T_Alu="35(35)" T_Lut="103(103)"/>
    <SubModule name="table_in" T_Bsram="6(0)">
        <SubModule name="romcoef_module" Bsram="6" T_Bsram="6(6)"/>
    </SubModule>
    <SubModule name="led" Register="5" Lut="3" T_Register="5(5)" T_Lut="3(3)"/>
</Module>
