{
 "Device" : "GW1NR-9C",
 "Files" : [
  {
   "Path" : "C:/Gowin/Gowin_V1.9.10_x64/IDE/bin/Documents/DDSFG/src/Interpolator.v",
   "Type" : "verilog"
  },
  {
   "Path" : "C:/Gowin/Gowin_V1.9.10_x64/IDE/bin/Documents/DDSFG/src/Led.v",
   "Type" : "verilog"
  },
  {
   "Path" : "C:/Gowin/Gowin_V1.9.10_x64/IDE/bin/Documents/DDSFG/src/Oscillator.v",
   "Type" : "verilog"
  },
  {
   "Path" : "C:/Gowin/Gowin_V1.9.10_x64/IDE/bin/Documents/DDSFG/src/ResetGen_Module.v",
   "Type" : "verilog"
  },
  {
   "Path" : "C:/Gowin/Gowin_V1.9.10_x64/IDE/bin/Documents/DDSFG/src/Rotary_Encoder.v",
   "Type" : "verilog"
  },
  {
   "Path" : "C:/Gowin/Gowin_V1.9.10_x64/IDE/bin/Documents/DDSFG/src/SamplingCtrl.v",
   "Type" : "verilog"
  },
  {
   "Path" : "C:/Gowin/Gowin_V1.9.10_x64/IDE/bin/Documents/DDSFG/src/button.v",
   "Type" : "verilog"
  },
  {
   "Path" : "C:/Gowin/Gowin_V1.9.10_x64/IDE/bin/Documents/DDSFG/src/clk_div.v",
   "Type" : "verilog"
  },
  {
   "Path" : "C:/Gowin/Gowin_V1.9.10_x64/IDE/bin/Documents/DDSFG/src/dds_top.v",
   "Type" : "verilog"
  },
  {
   "Path" : "C:/Gowin/Gowin_V1.9.10_x64/IDE/bin/Documents/DDSFG/src/gowin_prom/romcoef_module.v",
   "Type" : "verilog"
  },
  {
   "Path" : "C:/Gowin/Gowin_V1.9.10_x64/IDE/bin/Documents/DDSFG/src/pll_module.v",
   "Type" : "verilog"
  },
  {
   "Path" : "C:/Gowin/Gowin_V1.9.10_x64/IDE/bin/Documents/DDSFG/src/table.v",
   "Type" : "verilog"
  }
 ],
 "IncludePath" : [

 ],
 "LoopLimit" : 2000,
 "ResultFile" : "C:/Gowin/Gowin_V1.9.10_x64/IDE/bin/Documents/DDSFG/impl/temp/rtl_parser.result",
 "Top" : "dds_top",
 "VerilogStd" : "verilog_2001",
 "VhdlStd" : "vhdl_93"
}